DoB,DoT,SEX,BMI,BP,TC,BGU,FDR,Target,Age,Risk,Risk%,FHRisk,CombRisk
1981-03-11,2024-03-08,-1,0.14,0.3764705882352941,2.67,0.3636363636363636,2,90.0,43,6.0200000000000005,0.1,0.62,0.21
2002-05-15,2024-05-06,-1,0.144,0.4941176470588235,2.0,0.3909090909090909,2,101.0,22,3.1679999999999997,0.05,0.62,0.17
2001-06-21,2024-07-20,-1,0.152,0.2705882352941176,2.0,0.4181818181818181,2,85.0,23,3.496,0.06,0.62,0.18
1998-06-10,2024-07-20,-1,0.152,0.3294117647058823,3.0,0.2636363636363636,2,51.0,26,3.952,0.07,0.62,0.18
2005-06-13,2024-10-20,-1,0.1679999999999999,0.3764705882352941,2.0,0.4545454545454545,0,137.0,19,3.191999999999998,0.05,0.15,0.15
2002-04-22,2024-05-04,-1,0.172,0.3176470588235294,3.0,0.2818181818181818,0,134.0,22,3.784,0.06,0.15,0.15
1991-01-09,2024-01-18,-1,0.18,0.2941176470588235,2.0,0.3636363636363636,1,48.0,33,5.9399999999999995,0.1,0.38,0.18
1988-06-08,2024-12-05,-1,0.184,0.188235294117647,3.0,0.4727272727272727,1,57.0,36,6.624,0.11,0.38,0.18
1988-06-08,2024-12-05,-1,0.184,0.188235294117647,3.0,0.4727272727272727,2,57.0,36,6.624,0.11,0.62,0.22
1997-04-07,2024-05-05,-1,0.184,0.2705882352941176,3.0,0.2818181818181818,2,142.0,27,4.968,0.08,0.62,0.2
1975-06-24,2024-08-22,-1,0.192,0.388235294117647,3.0,0.4818181818181818,1,49.0,49,9.408,0.15,0.38,0.21
2002-05-13,2024-06-09,-1,0.1959999999999999,0.2352941176470588,3.0,0.2909090909090909,1,158.0,22,4.311999999999998,0.07,0.38,0.17
1982-07-23,2024-09-22,-1,0.1959999999999999,0.2470588235294117,3.0,0.3545454545454545,1,63.0,42,8.231999999999996,0.14,0.38,0.2
1976-05-08,2024-08-26,-1,0.1959999999999999,0.4235294117647059,3.0,0.5545454545454546,2,48.0,48,9.407999999999994,0.15,0.62,0.24
1960-08-08,2024-11-09,-1,0.2,0.2314117647058823,3.05,0.4636363636363636,1,72.0,64,12.8,0.21,0.38,0.23
2003-04-16,2024-06-15,-1,0.204,0.0941176470588235,3.0,0.4454545454545454,1,55.0,21,4.284,0.07,0.38,0.17
1983-04-18,2024-08-17,-1,0.2079999999999999,0.0823529411764705,3.0,0.4454545454545454,2,77.0,41,8.527999999999997,0.14,0.62,0.24
1987-04-21,2024-06-28,-1,0.2079999999999999,0.3058823529411765,3.0,0.4363636363636363,2,59.0,37,7.695999999999996,0.13,0.62,0.23
1976-04-11,2024-05-20,-1,0.2079999999999999,0.4705882352941176,4.0,0.4090909090909091,2,79.0,48,9.983999999999995,0.16,0.62,0.25
1982-11-23,2024-12-16,-1,0.212,0.188235294117647,2.0,0.3727272727272727,1,59.0,42,8.904,0.15,0.38,0.21
1979-05-12,2024-05-02,-1,0.212,0.2274117647058823,3.88,0.3545454545454545,1,96.0,45,9.54,0.16,0.38,0.21
1987-02-03,2024-02-17,-1,0.212,0.3294117647058823,5.0,0.4363636363636363,1,214.0,37,7.843999999999999,0.13,0.38,0.2
1975-05-22,2024-06-24,-1,0.212,0.4470588235294118,3.0,0.4818181818181818,1,153.0,49,10.388,0.17,0.38,0.21
1989-06-09,2024-06-19,-1,0.2159999999999999,0.1176470588235294,2.79,0.3454545454545454,1,96.0,35,7.559999999999996,0.12,0.38,0.2
1976-06-11,2024-06-22,-1,0.2159999999999999,0.5058823529411764,5.0,0.3454545454545454,0,83.0,48,10.367999999999995,0.17,0.15,0.17
1964-02-12,2024-02-09,-1,0.2159999999999999,0.5882352941176471,2.0,0.3545454545454545,0,170.0,60,12.959999999999994,0.21,0.15,0.17
1971-03-21,2024-04-16,-1,0.22,0.2705882352941176,3.0,0.3181818181818182,2,65.0,53,11.66,0.19,0.62,0.28
1983-02-10,2024-02-01,-1,0.22,0.2941176470588235,2.0,0.3181818181818182,1,37.0,41,9.02,0.15,0.38,0.21
1978-04-22,2024-05-19,-1,0.224,0.2117647058823529,3.0,0.3636363636363636,0,53.0,46,10.304,0.17,0.15,0.17
1990-10-19,2024-12-01,-1,0.224,0.3764705882352941,3.0,0.3090909090909091,1,115.0,34,7.6160000000000005,0.13,0.38,0.2
1957-04-11,2024-08-06,-1,0.2279999999999999,0.3294117647058823,3.0,0.3363636363636363,0,89.0,67,15.275999999999993,0.25,0.15,0.18
2000-03-04,2024-04-26,-1,0.2279999999999999,0.3764705882352941,2.0,0.3454545454545454,0,99.0,24,5.471999999999998,0.09,0.15,0.15
1983-09-01,2024-10-19,-1,0.232,0.3647058823529411,3.0,0.4454545454545454,2,72.0,41,9.512,0.16,0.62,0.25
1985-04-04,2024-05-12,-1,0.2359999999999999,0.4705882352941176,2.0,0.5,2,64.0,39,9.203999999999997,0.15,0.62,0.24
1994-01-08,2024-01-15,-1,0.2359999999999999,0.5764705882352941,3.0,0.5181818181818182,2,86.0,30,7.079999999999997,0.12,0.62,0.22
1995-05-04,2024-07-26,-1,0.24,0.188235294117647,4.0,0.4545454545454545,0,162.0,29,6.96,0.11,0.15,0.16
1970-02-17,2024-02-25,-1,0.24,0.2705882352941176,3.0,0.3,2,63.0,54,12.959999999999999,0.21,0.62,0.29
1974-08-10,2024-12-28,-1,0.24,0.388235294117647,4.0,0.2818181818181818,1,252.0,50,12.0,0.2,0.38,0.23
1960-07-21,2024-07-15,-1,0.24,0.4391764705882353,3.49,0.5636363636363636,0,158.0,64,15.36,0.25,0.15,0.18
1978-06-13,2024-08-25,-1,0.244,0.2941176470588235,5.0,0.4272727272727272,0,183.0,46,11.224,0.18,0.15,0.17
1989-03-18,2024-03-08,-1,0.244,0.3176470588235294,3.0,0.5,0,68.0,35,8.54,0.14,0.15,0.16
1990-09-27,2024-12-23,-1,0.2479999999999999,0.3411764705882353,5.0,0.4727272727272727,0,109.0,34,8.431999999999997,0.14,0.15,0.16
1986-05-19,2024-08-25,-1,0.252,0.2,2.0,0.4545454545454545,0,60.0,38,9.576,0.16,0.15,0.16
1981-07-06,2024-11-23,-1,0.252,0.2823529411764706,3.0,0.4545454545454545,1,42.0,43,10.836,0.18,0.38,0.22
1994-05-26,2024-06-17,-1,0.252,0.3764705882352941,2.0,0.2363636363636363,2,143.0,30,7.5600000000000005,0.12,0.62,0.22
1980-03-08,2024-04-22,-1,0.26,0.3529411764705882,3.0,0.4,2,181.0,44,11.440000000000001,0.19,0.62,0.28
1976-03-04,2024-04-10,-1,0.264,0.3764705882352941,3.0,0.2636363636363636,0,75.0,48,12.672,0.21,0.15,0.17
1967-08-09,2024-12-15,-1,0.2679999999999999,0.4588235294117647,2.0,0.4727272727272727,0,87.0,57,15.275999999999994,0.25,0.15,0.18
1987-05-09,2024-05-26,-1,0.272,0.3411764705882353,3.0,0.4818181818181818,1,128.0,37,10.064,0.17,0.38,0.21
1988-05-16,2024-09-28,-1,0.2759999999999999,0.4,3.0,0.509090909090909,0,111.0,36,9.935999999999996,0.16,0.15,0.16
1974-01-10,2024-01-05,-1,0.2759999999999999,0.4235294117647059,3.0,0.3363636363636363,1,96.0,50,13.799999999999995,0.23,0.38,0.24
1971-06-05,2024-10-03,-1,0.28,0.4588235294117647,3.0,0.5272727272727272,2,200.0,53,14.840000000000002,0.24,0.62,0.31
1981-06-09,2024-09-28,-1,0.284,0.1294117647058823,3.0,0.3636363636363636,0,74.0,43,12.212,0.2,0.15,0.17
1996-07-26,2024-07-14,-1,0.284,0.3176470588235294,3.0,0.4181818181818181,1,69.0,28,7.951999999999999,0.13,0.38,0.2
1982-10-07,2024-12-01,-1,0.284,0.3529411764705882,4.0,0.4909090909090909,2,72.0,42,11.927999999999999,0.2,0.62,0.28
1975-05-21,2024-07-27,-1,0.284,0.3529411764705882,2.19,0.2909090909090909,2,114.0,49,13.915999999999999,0.23,0.62,0.3
1971-09-28,2024-11-01,-1,0.284,0.4470588235294118,3.0,0.509090909090909,0,178.0,53,15.051999999999998,0.25,0.15,0.18
1971-03-26,2024-03-15,-1,0.288,0.2705882352941176,2.0,0.5545454545454546,1,93.0,53,15.264,0.25,0.38,0.25
1964-05-13,2024-07-19,-1,0.288,0.5843529411764706,3.68,0.4818181818181818,0,90.0,60,17.279999999999998,0.28,0.15,0.18
1962-05-28,2024-09-27,-1,0.2959999999999999,0.2823529411764706,4.0,0.3272727272727272,0,64.0,62,18.351999999999993,0.3,0.15,0.18
2000-04-23,2024-06-13,-1,0.3,0.4,3.0,0.4,1,185.0,24,7.199999999999999,0.12,0.38,0.2
1962-02-09,2024-02-15,-1,0.3,0.8235294117647058,2.0,0.5,2,103.0,62,18.599999999999998,0.31,0.62,0.36
1997-08-07,2024-10-26,-1,0.304,0.188235294117647,2.0,0.3545454545454545,2,152.0,27,8.208,0.14,0.62,0.24
2001-05-14,2024-09-26,-1,0.304,0.4,2.0,0.2545454545454545,2,97.0,23,6.992,0.12,0.62,0.22
1970-04-26,2024-06-03,-1,0.304,0.4117647058823529,3.0,0.4727272727272727,1,72.0,54,16.416,0.27,0.38,0.25
1988-02-13,2024-02-06,-1,0.312,0.3764705882352941,4.0,0.3818181818181818,1,93.0,36,11.232,0.18,0.38,0.22
1957-03-13,2024-03-02,-1,0.312,0.3764705882352941,3.0,0.4727272727272727,2,127.0,67,20.904,0.34,0.62,0.38
1966-04-23,2024-06-27,-1,0.312,0.4235294117647059,4.0,0.6818181818181818,0,206.0,58,18.096,0.3,0.15,0.18
1976-01-14,2024-02-24,-1,0.312,0.5411764705882353,2.0,0.5181818181818182,0,40.0,48,14.975999999999999,0.25,0.15,0.18
1985-06-03,2024-10-02,-1,0.3159999999999999,0.2588235294117647,4.0,0.3090909090909091,2,128.0,39,12.323999999999996,0.2,0.62,0.28
2004-07-09,2024-09-23,-1,0.3159999999999999,0.3764705882352941,4.0,0.4090909090909091,2,113.0,20,6.319999999999998,0.1,0.62,0.21
2002-05-13,2024-07-20,-1,0.32,0.2117647058823529,3.0,0.4636363636363636,0,200.0,22,7.04,0.12,0.15,0.16
1969-03-23,2024-04-09,-1,0.32,0.4667058823529412,5.0,0.6,1,146.0,55,17.6,0.29,0.38,0.26
1974-07-14,2024-11-14,-1,0.32,0.5411764705882353,4.0,0.3636363636363636,2,135.0,50,16.0,0.26,0.62,0.32
1972-04-14,2024-08-13,-1,0.32,0.611764705882353,4.21,0.4818181818181818,0,50.0,52,16.64,0.27,0.15,0.18
1980-03-13,2024-03-25,-1,0.324,0.3764705882352941,3.0,0.2909090909090909,2,52.0,44,14.256,0.23,0.62,0.3
2005-07-26,2024-11-11,-1,0.3279999999999999,0.2352941176470588,3.0,0.2909090909090909,2,140.0,19,6.231999999999998,0.1,0.62,0.21
1970-04-02,2024-06-18,-1,0.3279999999999999,0.6549411764705882,4.96,0.6181818181818182,2,190.0,54,17.711999999999996,0.29,0.62,0.35
1993-04-22,2024-04-25,-1,0.332,0.3529411764705882,4.0,0.3363636363636363,1,214.0,31,10.292,0.17,0.38,0.21
1967-05-21,2024-05-12,-1,0.332,0.388235294117647,2.0,0.3454545454545454,1,65.0,57,18.924,0.31,0.38,0.28
1987-08-18,2024-09-20,-1,0.332,0.388235294117647,3.4,0.3818181818181818,2,94.0,37,12.284,0.2,0.62,0.28
1964-09-17,2024-10-14,-1,0.3359999999999999,0.2549411764705883,3.8,0.3363636363636363,0,78.0,60,20.159999999999993,0.33,0.15,0.2
1973-09-26,2024-12-16,-1,0.3359999999999999,0.3764705882352941,2.0,0.3818181818181818,0,87.0,51,17.135999999999996,0.28,0.15,0.18
1973-03-16,2024-04-27,-1,0.34,0.5411764705882353,4.0,0.4909090909090909,2,154.0,51,17.34,0.29,0.62,0.35
1971-06-07,2024-06-23,-1,0.348,0.4352941176470588,3.0,0.3727272727272727,2,179.0,53,18.444,0.3,0.62,0.36
1976-06-18,2024-06-02,-1,0.3559999999999999,0.6352941176470588,6.0,0.509090909090909,1,152.0,48,17.087999999999997,0.28,0.38,0.26
1972-03-02,2024-06-10,-1,0.36,0.3294117647058823,2.0,0.4909090909090909,0,98.0,52,18.72,0.31,0.15,0.2
1963-01-08,2024-01-10,-1,0.36,0.4235294117647059,3.0,0.3,1,118.0,61,21.96,0.36,0.38,0.3
1973-04-20,2024-04-21,-1,0.364,0.3764705882352941,4.0,0.4818181818181818,0,84.0,51,18.564,0.31,0.15,0.2
1971-04-27,2024-04-11,-1,0.364,0.5882352941176471,4.0,0.5,0,66.0,53,19.291999999999998,0.32,0.15,0.2
1970-09-21,2024-11-23,-1,0.368,0.2235294117647059,2.0,0.6272727272727273,2,92.0,54,19.872,0.33,0.62,0.37
2003-04-06,2024-07-13,-1,0.368,0.2470588235294117,3.0,0.3545454545454545,0,150.0,21,7.728,0.13,0.15,0.16
1979-04-19,2024-05-12,-1,0.368,0.3294117647058823,4.0,0.3818181818181818,2,64.0,45,16.56,0.27,0.62,0.33
1996-04-17,2024-04-07,-1,0.368,0.4470588235294118,3.0,0.4,2,144.0,28,10.304,0.17,0.62,0.26
1973-03-27,2024-06-11,-1,0.372,0.3568235294117647,2.15,0.3818181818181818,1,84.0,51,18.972,0.31,0.38,0.28
1961-03-15,2024-03-18,-1,0.3759999999999999,0.2117647058823529,3.0,0.3454545454545454,1,131.0,63,23.68799999999999,0.39,0.38,0.31
1973-04-03,2024-08-26,-1,0.38,0.2823529411764706,3.0,0.4636363636363636,0,97.0,51,19.38,0.32,0.15,0.2
1972-03-01,2024-03-22,-1,0.38,0.4117647058823529,7.0,0.4181818181818181,1,233.0,52,19.76,0.33,0.38,0.29
1967-02-18,2024-02-12,-1,0.38,0.4470588235294118,3.0,0.4636363636363636,0,148.0,57,21.66,0.36,0.15,0.2
1963-09-26,2024-12-22,-1,0.384,0.5411764705882353,3.0,0.4363636363636363,2,214.0,61,23.424,0.39,0.62,0.41
1983-03-02,2024-05-13,-1,0.3879999999999999,0.3294117647058823,3.0,0.3454545454545454,3,168.0,41,15.907999999999996,0.26,0.85,0.39
1997-05-21,2024-07-20,-1,0.392,0.4235294117647059,3.0,0.2636363636363636,0,90.0,27,10.584,0.17,0.15,0.17
1982-09-08,2024-11-04,-1,0.3959999999999999,0.4235294117647059,5.0,0.4454545454545454,0,151.0,42,16.631999999999998,0.27,0.15,0.18
1978-05-05,2024-07-10,-1,0.3959999999999999,0.7058823529411765,4.0,0.5727272727272728,2,104.0,46,18.215999999999994,0.3,0.62,0.36
1980-05-16,2024-08-05,-1,0.4040000000000001,0.9176470588235294,3.0,0.4,2,216.0,44,17.776000000000003,0.29,0.62,0.35
1990-06-19,2024-08-15,-1,0.408,0.2588235294117647,4.0,0.3545454545454545,1,160.0,34,13.872,0.23,0.38,0.24
1973-02-11,2024-03-22,-1,0.408,0.5647058823529412,5.0,0.4545454545454545,1,292.0,51,20.808,0.34,0.38,0.29
2005-01-22,2024-01-01,-1,0.412,0.3294117647058823,5.0,0.4,1,200.0,19,7.827999999999999,0.13,0.38,0.2
2000-03-19,2024-04-02,-1,0.412,0.3411764705882353,5.0,0.4454545454545454,2,206.0,24,9.888,0.16,0.62,0.25
1991-06-26,2024-06-16,-1,0.412,0.3529411764705882,3.0,0.2727272727272727,2,190.0,33,13.596,0.22,0.62,0.3
1986-08-13,2024-12-02,-1,0.4159999999999999,0.3411764705882353,4.0,0.4272727272727272,0,97.0,38,15.807999999999996,0.26,0.15,0.18
1996-08-04,2024-09-19,-1,0.4159999999999999,0.4470588235294118,3.0,0.4636363636363636,1,168.0,28,11.647999999999998,0.19,0.38,0.22
1980-07-26,2024-10-18,-1,0.4159999999999999,0.4705882352941176,3.0,0.3909090909090909,0,25.0,44,18.303999999999995,0.3,0.15,0.18
1990-07-26,2024-09-21,-1,0.42,0.4470588235294118,4.0,0.4363636363636363,2,59.0,34,14.28,0.24,0.62,0.31
1975-01-21,2024-01-06,-1,0.424,0.2470588235294117,3.0,0.3454545454545454,1,31.0,49,20.776,0.34,0.38,0.29
1964-02-17,2024-03-25,-1,0.424,0.2705882352941176,2.0,0.4272727272727272,0,39.0,60,25.439999999999998,0.42,0.15,0.21
1964-05-02,2024-09-07,-1,0.424,0.3764705882352941,3.0,0.4,0,81.0,60,25.439999999999998,0.42,0.15,0.21
1968-03-11,2024-04-15,-1,0.428,0.2941176470588235,4.0,0.5,1,95.0,56,23.968,0.39,0.38,0.31
1966-05-01,2024-10-25,-1,0.428,0.5176470588235295,3.0,0.4818181818181818,1,155.0,58,24.823999999999998,0.41,0.38,0.32
1964-07-01,2024-08-18,-1,0.428,0.5647058823529412,2.0,0.5181818181818182,0,182.0,60,25.68,0.42,0.15,0.21
1963-01-10,2024-01-05,-1,0.432,0.4117647058823529,5.0,0.4545454545454545,1,219.0,61,26.352,0.43,0.38,0.32
1963-10-04,2024-11-23,-1,0.432,0.5058823529411764,3.0,0.3818181818181818,2,134.0,61,26.352,0.43,0.62,0.45
1956-04-26,2024-04-28,-1,0.4359999999999999,0.4470588235294118,5.0,0.5272727272727272,1,230.0,68,29.647999999999993,0.49,0.38,0.36
1995-10-24,2024-11-26,-1,0.44,0.3294117647058823,2.0,0.3909090909090909,1,61.0,29,12.76,0.21,0.38,0.23
1961-10-24,2024-11-10,-1,0.44,0.3608235294117647,3.37,0.5181818181818182,1,198.0,63,27.72,0.46,0.38,0.33
1999-06-10,2024-09-07,-1,0.44,0.4352941176470588,3.0,0.4363636363636363,2,68.0,25,11.0,0.18,0.62,0.26
1975-07-18,2024-11-25,-1,0.44,0.4470588235294118,3.0,0.4363636363636363,2,88.0,49,21.56,0.36,0.62,0.39
1974-10-21,2024-12-06,-1,0.444,0.6352941176470588,4.0,0.4454545454545454,2,141.0,50,22.2,0.37,0.62,0.4
1959-03-19,2024-05-04,-1,0.452,0.1764705882352941,5.0,0.5272727272727272,2,115.0,65,29.380000000000003,0.48,0.62,0.48
1990-03-01,2024-04-23,-1,0.452,0.3764705882352941,3.0,0.509090909090909,0,113.0,34,15.368,0.25,0.15,0.18
1992-09-14,2024-10-18,-1,0.46,0.3647058823529411,4.0,0.3454545454545454,2,258.0,32,14.72,0.24,0.62,0.31
1971-03-09,2024-03-08,-1,0.46,0.4941176470588235,3.0,0.5363636363636364,0,49.0,53,24.380000000000003,0.4,0.15,0.21
1957-09-13,2024-11-11,-1,0.4679999999999999,0.5882352941176471,3.0,0.509090909090909,0,73.0,67,31.355999999999995,0.52,0.15,0.23
1970-04-19,2024-05-24,-1,0.472,0.3764705882352941,3.0,0.3636363636363636,1,59.0,54,25.488,0.42,0.38,0.32
1989-01-26,2024-01-08,-1,0.472,0.5058823529411764,4.0,0.4181818181818181,2,200.0,35,16.52,0.27,0.62,0.33
1970-09-01,2024-10-19,-1,0.472,0.6235294117647059,3.0,0.6,2,191.0,54,25.488,0.42,0.62,0.44
1981-05-18,2024-08-20,-1,0.472,0.8,3.0,0.4909090909090909,0,48.0,43,20.296,0.33,0.15,0.2
1984-02-14,2024-02-11,-1,0.4759999999999999,0.4352941176470588,3.0,0.3727272727272727,2,60.0,40,19.039999999999996,0.31,0.62,0.36
1967-03-12,2024-04-02,-1,0.4759999999999999,0.5058823529411764,7.0,0.509090909090909,1,249.0,57,27.131999999999994,0.45,0.38,0.33
1972-01-24,2024-02-12,-1,0.48,0.2744705882352941,3.05,0.2636363636363636,0,182.0,52,24.96,0.41,0.15,0.21
1951-06-03,2024-08-27,-1,0.48,0.5529411764705883,3.0,0.5363636363636364,1,109.0,73,35.04,0.58,0.38,0.39
1968-04-16,2024-04-26,-1,0.48,0.5882352941176471,5.0,0.4909090909090909,2,67.0,56,26.88,0.44,0.62,0.45
1977-06-01,2024-12-16,-1,0.488,0.2941176470588235,6.0,0.4727272727272727,2,174.0,48,23.424,0.39,0.62,0.41
1986-11-08,2024-12-18,-1,0.492,0.3058823529411765,3.0,0.3727272727272727,1,210.0,38,18.695999999999998,0.31,0.38,0.28
1978-07-16,2024-08-27,-1,0.4959999999999999,0.2705882352941176,3.0,0.4545454545454545,2,276.0,46,22.815999999999995,0.38,0.62,0.41
1956-07-28,2024-07-05,-1,0.5,0.611764705882353,4.0,0.4545454545454545,0,143.0,68,34.0,0.56,0.15,0.23
1973-06-22,2024-07-05,-1,0.508,0.5176470588235295,3.0,0.3363636363636363,2,191.0,51,25.908,0.43,0.62,0.45
1972-07-08,2024-08-04,-1,0.512,0.3529411764705882,4.0,0.3181818181818182,2,242.0,52,26.624000000000002,0.44,0.62,0.45
1973-08-27,2024-12-18,-1,0.5159999999999999,0.4823529411764706,5.0,0.7272727272727273,1,268.0,51,26.315999999999995,0.43,0.38,0.32
1971-09-23,2024-10-07,-1,0.52,0.388235294117647,4.0,0.4636363636363636,2,128.0,53,27.560000000000002,0.45,0.62,0.46
1958-04-18,2024-07-25,-1,0.52,0.5411764705882353,5.0,0.4909090909090909,2,173.0,66,34.32,0.57,0.62,0.54
1966-03-12,2024-04-24,-1,0.524,0.6588235294117647,6.0,0.4818181818181818,2,273.0,58,30.392000000000003,0.5,0.62,0.49
1955-07-22,2024-11-23,-1,0.524,0.6823529411764706,4.0,0.3363636363636363,1,248.0,69,36.156,0.6,0.38,0.4
1981-04-28,2024-06-05,-1,0.524,0.7764705882352941,3.0,0.4818181818181818,0,113.0,43,22.532,0.37,0.15,0.21
1969-04-04,2024-06-06,-1,0.528,0.4235294117647059,4.0,0.5727272727272728,1,262.0,55,29.040000000000003,0.48,0.38,0.35
1999-07-13,2024-11-18,-1,0.532,0.3764705882352941,4.0,0.4727272727272727,0,246.0,25,13.3,0.22,0.15,0.17
1971-05-02,2024-05-26,-1,0.532,0.5411764705882353,4.0,0.5545454545454546,2,281.0,53,28.196,0.46,0.62,0.47
1972-08-17,2024-09-22,-1,0.54,0.6470588235294118,3.0,0.4090909090909091,2,265.0,52,28.080000000000002,0.46,0.62,0.47
1971-03-21,2024-04-11,-1,0.544,0.388235294117647,4.0,0.5363636363636364,1,265.0,53,28.832,0.47,0.38,0.35
1977-07-11,2024-07-26,-1,0.544,0.4941176470588235,3.0,0.4363636363636363,1,121.0,47,25.568,0.42,0.38,0.32
1989-03-25,2024-03-28,-1,0.5479999999999999,0.4941176470588235,3.0,0.4818181818181818,1,182.0,35,19.179999999999996,0.32,0.38,0.28
1971-07-23,2024-10-01,-1,0.552,0.6667058823529411,3.15,0.4090909090909091,0,52.0,53,29.256000000000004,0.48,0.15,0.22
1972-09-11,2024-11-13,-1,0.552,0.6823529411764706,4.0,0.4181818181818181,1,283.0,52,28.704,0.47,0.38,0.35
1962-02-21,2024-02-21,-1,0.5559999999999999,0.3803529411764705,6.24,0.5363636363636364,2,225.0,62,34.471999999999994,0.57,0.62,0.54
2001-07-04,2024-10-21,-1,0.56,0.4117647058823529,3.0,0.4636363636363636,2,302.0,23,12.88,0.21,0.62,0.29
1990-07-22,2024-09-23,-1,0.568,0.2117647058823529,4.0,0.4636363636363636,1,172.0,34,19.311999999999998,0.32,0.38,0.28
1982-05-03,2024-10-06,-1,0.568,0.4470588235294118,6.0,0.4727272727272727,1,122.0,42,23.855999999999998,0.39,0.38,0.31
1955-01-18,2024-01-14,-1,0.5720000000000001,0.8117647058823529,4.0,0.5636363636363636,2,296.0,69,39.468,0.65,0.62,0.6
1953-04-19,2024-06-09,-1,0.58,0.4941176470588235,5.0,0.6181818181818182,1,150.0,71,41.18,0.68,0.38,0.44
1972-08-12,2024-11-21,-1,0.58,0.5803529411764705,4.31,0.5272727272727272,1,198.0,52,30.159999999999997,0.5,0.38,0.36
1976-04-02,2024-07-14,-1,0.58,0.8941176470588236,4.0,0.6,0,270.0,48,27.839999999999996,0.46,0.15,0.22
1955-07-04,2024-12-10,-1,0.5840000000000001,0.788235294117647,4.0,0.4181818181818181,0,236.0,69,40.29600000000001,0.66,0.15,0.25
1993-03-15,2024-04-13,-1,0.588,0.388235294117647,4.0,0.3454545454545454,1,184.0,31,18.227999999999998,0.3,0.38,0.26
1957-05-11,2024-08-08,-1,0.5920000000000001,0.2941176470588235,3.0,0.3818181818181818,0,90.0,67,39.66400000000001,0.65,0.15,0.25
1950-08-25,2024-12-10,-1,0.5920000000000001,0.5411764705882353,3.0,0.4181818181818181,2,70.0,74,43.80800000000001,0.72,0.62,0.65
1978-02-22,2024-02-28,-1,0.596,0.3294117647058823,4.5,0.5272727272727272,2,167.0,46,27.416,0.45,0.62,0.46
1995-07-26,2024-07-25,-1,0.6,0.3529411764705882,4.0,0.4363636363636363,2,310.0,29,17.4,0.29,0.62,0.35
1988-01-10,2024-01-01,-1,0.6,0.4705882352941176,4.79,0.4090909090909091,0,220.0,36,21.599999999999998,0.36,0.15,0.2
1963-05-12,2024-06-03,-1,0.6,0.6235294117647059,3.73,0.5909090909090909,1,246.0,61,36.6,0.6,0.38,0.4
1949-07-11,2024-10-14,-1,0.6040000000000001,0.2705882352941176,5.05,0.5181818181818182,1,180.0,75,45.300000000000004,0.75,0.38,0.47
1982-01-18,2024-01-06,-1,0.6040000000000001,0.4235294117647059,4.0,0.3818181818181818,1,147.0,42,25.368000000000002,0.42,0.38,0.32
1967-06-20,2024-07-04,-1,0.6040000000000001,0.7294117647058823,5.0,0.7272727272727273,0,155.0,57,34.428000000000004,0.57,0.15,0.24
1987-07-08,2024-09-13,-1,0.608,0.3764705882352941,4.15,0.4272727272727272,0,52.0,37,22.496,0.37,0.15,0.21
1977-04-20,2024-08-07,-1,0.612,0.6352941176470588,3.0,0.5272727272727272,0,166.0,47,28.764,0.47,0.15,0.22
1996-03-01,2024-03-14,-1,0.616,0.3529411764705882,3.0,0.3636363636363636,0,103.0,28,17.248,0.28,0.15,0.18
1977-09-27,2024-11-25,-1,0.616,0.7647058823529411,4.0,0.4272727272727272,2,195.0,47,28.951999999999998,0.48,0.62,0.48
1992-02-16,2024-02-12,-1,0.62,0.4,3.0,0.4454545454545454,2,129.0,32,19.84,0.33,0.62,0.37
1973-04-12,2024-05-26,-1,0.6240000000000001,0.5647058823529412,3.0,0.5454545454545454,1,202.0,51,31.824000000000005,0.52,0.38,0.37
1982-07-05,2024-08-02,-1,0.6240000000000001,0.7764705882352941,3.0,0.4454545454545454,0,175.0,42,26.208000000000006,0.43,0.15,0.21
1984-05-02,2024-05-08,-1,0.628,0.5176470588235295,4.0,0.4090909090909091,2,99.0,40,25.12,0.41,0.62,0.43
1987-05-12,2024-08-20,-1,0.632,0.6705882352941176,7.0,0.5545454545454546,0,258.0,37,23.384,0.39,0.15,0.21
1968-03-04,2024-03-04,-1,0.64,0.2784705882352941,5.5,0.4545454545454545,1,144.0,56,35.84,0.59,0.38,0.39
1974-04-07,2024-06-24,-1,0.64,0.8,4.0,0.4363636363636363,1,280.0,50,32.0,0.53,0.38,0.37
1963-06-23,2024-12-14,-1,0.648,0.2823529411764706,5.0,0.509090909090909,1,164.0,61,39.528,0.65,0.38,0.43
1949-08-10,2024-12-10,-1,0.648,0.7372941176470589,7.9,0.6,0,230.0,75,48.6,0.8,0.15,0.28
1976-01-18,2024-01-21,-1,0.6559999999999999,0.2391764705882352,6.37,0.5727272727272728,1,192.0,48,31.487999999999996,0.52,0.38,0.37
1990-02-03,2024-02-18,-1,0.6559999999999999,0.3764705882352941,3.0,0.3363636363636363,2,142.0,34,22.304,0.37,0.62,0.4
1980-09-18,2024-10-08,-1,0.6559999999999999,0.7058823529411765,3.0,0.4454545454545454,1,293.0,44,28.863999999999997,0.48,0.38,0.35
1973-06-25,2024-06-23,-1,0.66,0.4470588235294118,4.7,0.7,0,173.0,51,33.660000000000004,0.55,0.15,0.23
1977-03-28,2024-03-01,-1,0.664,0.3411764705882353,5.1,0.5909090909090909,1,272.0,47,31.208000000000002,0.51,0.38,0.36
1957-02-17,2024-03-21,-1,0.664,0.7176470588235294,4.0,0.5454545454545454,1,303.0,67,44.488,0.73,0.38,0.46
1974-04-17,2024-06-14,-1,0.672,0.3176470588235294,2.0,0.4090909090909091,1,136.0,50,33.6,0.55,0.38,0.38
1974-03-25,2024-05-18,-1,0.6759999999999999,0.2744705882352941,5.45,0.4,0,91.0,50,33.8,0.56,0.15,0.23
1982-07-11,2024-09-27,-1,0.6759999999999999,0.3294117647058823,3.0,0.5545454545454546,2,85.0,42,28.391999999999996,0.47,0.62,0.47
1962-08-26,2024-10-23,-1,0.68,0.388235294117647,4.0,0.5454545454545454,0,132.0,62,42.160000000000004,0.69,0.15,0.25
1979-06-17,2024-10-23,-1,0.68,0.6470588235294118,5.0,0.4818181818181818,1,215.0,45,30.6,0.5,0.38,0.36
1969-01-28,2024-01-22,-1,0.684,0.6470588235294118,4.0,0.4545454545454545,2,281.0,55,37.620000000000005,0.62,0.62,0.57
1983-06-24,2024-11-04,-1,0.696,0.4588235294117647,3.0,0.3272727272727272,0,95.0,41,28.535999999999998,0.47,0.15,0.22
1977-08-09,2024-09-28,-1,0.696,0.5882352941176471,4.09,0.5363636363636364,0,109.0,47,32.711999999999996,0.54,0.15,0.23
1986-07-26,2024-11-02,-1,0.7040000000000001,0.2588235294117647,4.0,0.509090909090909,0,78.0,38,26.752000000000002,0.44,0.15,0.22
1976-06-23,2024-09-27,-1,0.7080000000000001,0.4470588235294118,6.42,0.4636363636363636,2,121.0,48,33.984,0.56,0.62,0.54
1956-04-28,2024-06-11,-1,0.7119999999999999,0.5961176470588235,5.13,0.7,1,220.0,68,48.41599999999999,0.8,0.38,0.48
1969-09-09,2024-10-26,-1,0.716,0.5529411764705883,4.0,0.4454545454545454,1,288.0,55,39.379999999999995,0.65,0.38,0.43
1990-06-03,2024-06-03,-1,0.72,0.2117647058823529,3.49,0.4727272727272727,0,55.0,34,24.48,0.4,0.15,0.21
1963-07-05,2024-08-28,-1,0.72,0.4705882352941176,3.0,0.3090909090909091,0,141.0,61,43.92,0.72,0.15,0.26
1971-07-21,2024-09-28,-1,0.7280000000000001,0.3255294117647059,4.04,0.5636363636363636,1,275.0,53,38.584,0.64,0.38,0.41
1983-06-09,2024-10-26,-1,0.7519999999999999,0.8038823529411765,4.16,0.5454545454545454,2,257.0,41,30.831999999999997,0.51,0.62,0.51
1981-03-01,2024-04-06,-1,0.7719999999999999,0.3411764705882353,8.0,0.5818181818181818,1,306.0,43,33.196,0.55,0.38,0.38
1955-05-12,2024-05-23,-1,0.7719999999999999,0.6823529411764706,4.0,0.6545454545454545,1,261.0,69,53.267999999999994,0.88,0.38,0.52
1983-07-11,2024-12-25,-1,0.784,0.3803529411764705,5.0,0.6363636363636364,1,279.0,41,32.144,0.53,0.38,0.37
1968-06-24,2024-07-01,-1,0.8,0.286235294117647,4.64,0.509090909090909,2,140.0,56,44.800000000000004,0.74,0.62,0.67
1991-03-06,2024-04-24,-1,0.8,0.4,4.76,0.5545454545454546,0,128.0,33,26.400000000000002,0.43,0.15,0.21
1995-05-11,2024-09-02,-1,0.8,0.5097647058823529,4.08,0.4636363636363636,1,200.0,29,23.200000000000003,0.38,0.38,0.3
1981-02-25,2024-03-28,-1,0.816,0.4470588235294118,4.0,0.5545454545454546,0,275.0,43,35.088,0.58,0.15,0.24
1967-02-27,2024-02-17,-1,0.8440000000000001,0.7294117647058823,5.0,0.5454545454545454,1,270.0,57,48.108000000000004,0.79,0.38,0.48
1969-01-21,2024-01-13,-1,0.8640000000000001,0.6823529411764706,4.63,0.5181818181818182,2,258.0,55,47.52,0.78,0.62,0.69
1955-04-06,2024-04-12,-1,0.88,0.5647058823529412,4.0,0.4545454545454545,2,237.0,69,60.72,1.0,0.62,0.85
1987-06-13,2024-06-09,-1,0.932,0.6823529411764706,3.0,0.3545454545454545,0,259.0,37,34.484,0.57,0.15,0.24
