DoB,DoT,SEX,BMI,BP,TC,BGU,FDR,Target,Age,Risk,Risk%,FHRisk,CombRisk
2000-04-23,2024-06-13,-1,0.3,0.4,3.0,0.4,1,185.0,24,7.199999999999999,0.12,0.38,0.2
1987-08-18,2024-09-20,-1,0.332,0.388235294117647,3.4,0.3818181818181818,2,94.0,37,12.284,0.2,0.62,0.28
1971-03-21,2024-04-11,-1,0.544,0.388235294117647,4.0,0.5363636363636364,1,265.0,53,28.832,0.47,0.38,0.35
1987-06-13,2024-06-09,-1,0.932,0.6823529411764706,3.0,0.3545454545454545,0,259.0,37,34.484,0.57,0.15,0.24
2002-04-22,2024-05-04,-1,0.172,0.3176470588235294,3.0,0.2818181818181818,0,134.0,22,3.784,0.06,0.15,0.15
1986-11-08,2024-12-18,-1,0.492,0.3058823529411765,3.0,0.3727272727272727,1,210.0,38,18.696,0.31,0.38,0.28
1980-09-18,2024-10-08,-1,0.6559999999999999,0.7058823529411765,3.0,0.4454545454545454,1,293.0,44,28.864,0.48,0.38,0.35
1969-01-21,2024-01-13,-1,0.8640000000000001,0.6823529411764706,4.63,0.5181818181818182,2,258.0,55,47.52,0.78,0.62,0.69
1970-09-01,2024-10-19,-1,0.472,0.6235294117647059,3.0,0.6,2,191.0,54,25.488,0.42,0.62,0.44
1974-04-07,2024-06-24,-1,0.64,0.8,4.0,0.4363636363636363,1,280.0,50,32.0,0.53,0.38,0.37
1990-10-19,2024-12-01,-1,0.224,0.3764705882352941,3.0,0.3090909090909091,1,115.0,34,7.616,0.13,0.38,0.2
1962-05-28,2024-09-27,-1,0.2959999999999999,0.2823529411764706,4.0,0.3272727272727272,0,64.0,62,18.351999999999997,0.3,0.15,0.18
1973-06-22,2024-07-05,-1,0.508,0.5176470588235295,3.0,0.3363636363636363,2,191.0,51,25.908,0.43,0.62,0.45
1999-07-13,2024-11-18,-1,0.532,0.3764705882352941,4.0,0.4727272727272727,0,246.0,25,13.3,0.22,0.15,0.17
1975-06-24,2024-08-22,-1,0.192,0.388235294117647,3.0,0.4818181818181818,1,49.0,49,9.408,0.15,0.38,0.21
1961-10-24,2024-11-10,-1,0.44,0.3608235294117647,3.37,0.5181818181818182,1,198.0,63,27.72,0.46,0.38,0.33
1974-01-10,2024-01-05,-1,0.2759999999999999,0.4235294117647059,3.0,0.3363636363636363,1,96.0,50,13.799999999999995,0.23,0.38,0.24
1970-09-21,2024-11-23,-1,0.368,0.2235294117647059,2.0,0.6272727272727273,2,92.0,54,19.872,0.33,0.62,0.37
1967-03-12,2024-04-02,-1,0.4759999999999999,0.5058823529411764,7.0,0.509090909090909,1,249.0,57,27.131999999999994,0.45,0.38,0.33
1977-04-20,2024-08-07,-1,0.612,0.6352941176470588,3.0,0.5272727272727272,0,166.0,47,28.764,0.47,0.15,0.22
2000-03-19,2024-04-02,-1,0.412,0.3411764705882353,5.0,0.4454545454545454,2,206.0,24,9.888,0.16,0.62,0.25
1979-05-12,2024-05-02,-1,0.212,0.2274117647058823,3.88,0.3545454545454545,1,96.0,45,9.54,0.16,0.38,0.21
1989-01-26,2024-01-08,-1,0.472,0.5058823529411764,4.0,0.4181818181818181,2,200.0,35,16.52,0.27,0.62,0.33
1996-03-01,2024-03-14,-1,0.616,0.3529411764705882,3.0,0.3636363636363636,0,103.0,28,17.248,0.28,0.15,0.18
1980-05-16,2024-08-05,-1,0.4040000000000001,0.9176470588235294,3.0,0.4,2,216.0,44,17.776000000000003,0.29,0.62,0.35
1988-05-16,2024-09-28,-1,0.2759999999999999,0.4,3.0,0.509090909090909,0,111.0,36,9.935999999999996,0.16,0.15,0.16
1969-03-23,2024-04-09,-1,0.32,0.4667058823529412,5.0,0.6,1,146.0,55,17.6,0.29,0.38,0.26
1975-01-21,2024-01-06,-1,0.424,0.2470588235294117,3.0,0.3454545454545454,1,31.0,49,20.776,0.34,0.38,0.29
1982-10-07,2024-12-01,-1,0.284,0.3529411764705882,4.0,0.4909090909090909,2,72.0,42,11.928,0.2,0.62,0.28
1971-03-09,2024-03-08,-1,0.46,0.4941176470588235,3.0,0.5363636363636364,0,49.0,53,24.380000000000003,0.4,0.15,0.21
1969-04-04,2024-06-06,-1,0.528,0.4235294117647059,4.0,0.5727272727272728,1,262.0,55,29.040000000000003,0.48,0.38,0.35
1983-04-18,2024-08-17,-1,0.2079999999999999,0.0823529411764705,3.0,0.4454545454545454,2,77.0,41,8.527999999999997,0.14,0.62,0.24
1970-04-02,2024-06-18,-1,0.3279999999999999,0.6549411764705882,4.96,0.6181818181818182,2,190.0,54,17.711999999999996,0.29,0.62,0.35
1985-06-03,2024-10-02,-1,0.3159999999999999,0.2588235294117647,4.0,0.3090909090909091,2,128.0,39,12.323999999999996,0.2,0.62,0.28
1961-03-15,2024-03-18,-1,0.3759999999999999,0.2117647058823529,3.0,0.3454545454545454,1,131.0,63,23.68799999999999,0.39,0.38,0.31
1976-04-02,2024-07-14,-1,0.58,0.8941176470588236,4.0,0.6,0,270.0,48,27.84,0.46,0.15,0.22
1957-05-11,2024-08-08,-1,0.5920000000000001,0.2941176470588235,3.0,0.3818181818181818,0,90.0,67,39.66400000000001,0.65,0.15,0.25
1971-05-02,2024-05-26,-1,0.532,0.5411764705882353,4.0,0.5545454545454546,2,281.0,53,28.196,0.46,0.62,0.47
1979-04-19,2024-05-12,-1,0.368,0.3294117647058823,4.0,0.3818181818181818,2,64.0,45,16.56,0.27,0.62,0.33
1991-06-26,2024-06-16,-1,0.412,0.3529411764705882,3.0,0.2727272727272727,2,190.0,33,13.596,0.22,0.62,0.3
1956-07-28,2024-07-05,-1,0.5,0.611764705882353,4.0,0.4545454545454545,0,143.0,68,34.0,0.56,0.15,0.23
1964-09-17,2024-10-14,-1,0.3359999999999999,0.2549411764705883,3.8,0.3363636363636363,0,78.0,60,20.159999999999997,0.33,0.15,0.2
1971-06-05,2024-10-03,-1,0.28,0.4588235294117647,3.0,0.5272727272727272,2,200.0,53,14.840000000000002,0.24,0.62,0.31
1976-01-14,2024-02-24,-1,0.312,0.5411764705882353,2.0,0.5181818181818182,0,40.0,48,14.976,0.25,0.15,0.18
1983-06-24,2024-11-04,-1,0.696,0.4588235294117647,3.0,0.3272727272727272,0,95.0,41,28.536,0.47,0.15,0.22
1990-09-27,2024-12-23,-1,0.2479999999999999,0.3411764705882353,5.0,0.4727272727272727,0,109.0,34,8.431999999999997,0.14,0.15,0.16
1978-06-13,2024-08-25,-1,0.244,0.2941176470588235,5.0,0.4272727272727272,0,183.0,46,11.224,0.18,0.15,0.17
1949-07-11,2024-10-14,-1,0.6040000000000001,0.2705882352941176,5.05,0.5181818181818182,1,180.0,75,45.3,0.75,0.38,0.47
1988-01-10,2024-01-01,-1,0.6,0.4705882352941176,4.79,0.4090909090909091,0,220.0,36,21.6,0.36,0.15,0.2
1989-03-25,2024-03-28,-1,0.5479999999999999,0.4941176470588235,3.0,0.4818181818181818,1,182.0,35,19.18,0.32,0.38,0.28
1997-04-07,2024-05-05,-1,0.184,0.2705882352941176,3.0,0.2818181818181818,2,142.0,27,4.968,0.08,0.62,0.2
1971-07-23,2024-10-01,-1,0.552,0.6667058823529411,3.15,0.4090909090909091,0,52.0,53,29.256000000000004,0.48,0.15,0.22
1951-06-03,2024-08-27,-1,0.48,0.5529411764705883,3.0,0.5363636363636364,1,109.0,73,35.04,0.58,0.38,0.39
1962-02-09,2024-02-15,-1,0.3,0.8235294117647058,2.0,0.5,2,103.0,62,18.6,0.31,0.62,0.36
1999-06-10,2024-09-07,-1,0.44,0.4352941176470588,3.0,0.4363636363636363,2,68.0,25,11.0,0.18,0.62,0.26
1955-01-18,2024-01-14,-1,0.5720000000000001,0.8117647058823529,4.0,0.5636363636363636,2,296.0,69,39.468,0.65,0.62,0.6
1982-11-23,2024-12-16,-1,0.212,0.188235294117647,2.0,0.3727272727272727,1,59.0,42,8.904,0.15,0.38,0.21
